isic_id,image_type,diagnosis_1,label_11,width,height,megapixels,aspect_ratio,file_size_kb,mean_r,mean_g,mean_b,mean_intensity,std_intensity
ISIC_2891509,dermoscopic,Malignant,BCC,600,450,0.27,1.3333333333333333,27.580078125,152.11415925925925,136.22348888888888,117.6424,135.3266827160494,24.417547639433863
ISIC_1923944,clinical: close-up,Malignant,BCC,600,450,0.27,1.3333333333333333,24.794921875,155.76037037037037,118.34684814814815,93.17456666666666,122.42726172839507,60.70614269574123
ISIC_6394582,dermoscopic,Benign,NV,600,450,0.27,1.3333333333333333,21.3603515625,176.08087037037038,171.14278518518518,167.7832037037037,171.66895308641975,15.298255142667244
ISIC_5027796,dermoscopic,Malignant,BCC,600,450,0.27,1.3333333333333333,22.169921875,147.65184814814816,125.71922962962962,128.96092592592592,134.11066790123456,21.073081027074828
ISIC_7202617,clinical: close-up,Benign,NV,600,450,0.27,1.3333333333333333,26.974609375,205.08867407407408,174.1561925925926,122.76143703703704,167.33543456790125,37.64513959998699
ISIC_6824445,clinical: close-up,Malignant,MEL,600,450,0.27,1.3333333333333333,34.919921875,137.40151111111112,97.92231481481481,73.85702222222223,103.06028271604939,28.91359839533961
ISIC_9826615,dermoscopic,Malignant,BCC,600,450,0.27,1.3333333333333333,36.244140625,151.5196925925926,108.08695555555556,116.68881481481482,125.43182098765432,41.776621893200755
ISIC_8768858,clinical: close-up,Benign,NV,600,450,0.27,1.3333333333333333,31.1240234375,141.89308518518519,129.96741111111112,117.99578518518518,129.9520938271605,22.06899106726447
ISIC_3202131,dermoscopic,Malignant,BCC,600,450,0.27,1.3333333333333333,22.546875,219.6146222222222,157.54414444444444,138.77987037037036,171.97954567901235,37.34501598149062
ISIC_9927143,clinical: close-up,Malignant,BCC,600,450,0.27,1.3333333333333333,52.96484375,197.53075555555554,161.2906037037037,138.09927037037036,165.6402098765432,38.21267226245023
ISIC_6710161,dermoscopic,Malignant,BCC,600,450,0.27,1.3333333333333333,24.4423828125,205.59861481481482,130.2443037037037,152.66143333333332,162.8347839506173,37.26204769894906
ISIC_1201852,clinical: close-up,Malignant,BCC,600,450,0.27,1.3333333333333333,40.30859375,184.26434074074075,139.7014814814815,123.43927037037037,149.13503086419752,32.378846470565925
ISIC_2418437,dermoscopic,Malignant,SCCKA,600,450,0.27,1.3333333333333333,25.23046875,186.5731037037037,141.94185185185185,120.49215185185186,149.66903580246912,39.841778242997016
ISIC_2236717,clinical: close-up,Malignant,MEL,600,450,0.27,1.3333333333333333,51.705078125,195.67463703703703,170.2803037037037,129.51578148148147,165.1569074074074,41.34870026250927
ISIC_6338368,dermoscopic,Malignant,BCC,600,450,0.27,1.3333333333333333,29.3505859375,149.8301888888889,126.70061851851852,126.62628518518518,134.3856975308642,19.499100305484028
ISIC_2195775,dermoscopic,Malignant,MEL,600,450,0.27,1.3333333333333333,33.62890625,165.65061111111112,139.6301814814815,136.50851111111112,147.2631012345679,53.246038929585985
ISIC_2959395,dermoscopic,Malignant,MEL,600,450,0.27,1.3333333333333333,16.8681640625,143.2664962962963,129.53125925925926,135.30204444444445,136.03326666666666,11.68448594707561
ISIC_1347975,clinical: close-up,Benign,NV,600,450,0.27,1.3333333333333333,39.037109375,145.07854074074075,116.24308148148148,99.72878888888889,120.35013703703704,23.50945179727467
ISIC_0377749,clinical: close-up,Malignant,BCC,600,450,0.27,1.3333333333333333,32.4033203125,177.73024074074075,132.28457037037037,99.34657407407407,136.45379506172839,35.12692134781078
ISIC_6141356,dermoscopic,Benign,NV,600,450,0.27,1.3333333333333333,20.5107421875,166.98354074074075,152.77918518518518,138.04143703703704,152.601387654321,43.09306907177804
ISIC_7171875,dermoscopic,Benign,BKL,600,450,0.27,1.3333333333333333,20.791015625,172.38376666666667,165.11368148148148,163.22064074074075,166.90602962962964,12.376688329837545
ISIC_0202768,clinical: close-up,Malignant,BCC,600,450,0.27,1.3333333333333333,45.5771484375,178.45184444444445,111.55440740740741,88.30832962962963,126.10486049382716,41.52857707836108
ISIC_2848199,clinical: close-up,Malignant,BCC,600,450,0.27,1.3333333333333333,40.5517578125,206.40017037037038,147.7553814814815,126.61805185185185,160.25786790123456,47.56707162429641
ISIC_1886909,clinical: close-up,Malignant,BCC,600,450,0.27,1.3333333333333333,29.7861328125,186.41966296296297,152.16031481481483,132.43973703703705,157.00657160493827,65.14312208959163
ISIC_8898834,clinical: close-up,Indeterminate,AKIEC,600,450,0.27,1.3333333333333333,58.03125,146.0668777777778,92.3238962962963,74.45117037037038,104.28064814814815,41.04684771072331
ISIC_2324630,dermoscopic,Malignant,BCC,600,450,0.27,1.3333333333333333,27.8173828125,146.1322962962963,121.39788518518519,109.0558037037037,125.52866172839506,24.46024637200941
ISIC_0634232,dermoscopic,Malignant,BCC,600,450,0.27,1.3333333333333333,32.859375,197.33644444444445,138.7284,171.28594074074073,169.11692839506173,43.667146441778314
ISIC_2243897,clinical: close-up,Benign,NV,600,450,0.27,1.3333333333333333,37.630859375,167.35542222222222,105.60943703703704,91.36197777777778,121.44227901234568,38.60190469478627
ISIC_5761443,dermoscopic,Malignant,MEL,600,450,0.27,1.3333333333333333,51.3994140625,175.1753962962963,150.92995925925925,143.4404,156.51525185185184,69.93058349621971
ISIC_6563482,clinical: close-up,Malignant,BCC,600,450,0.27,1.3333333333333333,42.1806640625,174.6095037037037,120.61522962962962,91.46853333333334,128.89775555555556,38.12527521567695
ISIC_2273629,clinical: close-up,Malignant,AKIEC,600,450,0.27,1.3333333333333333,44.5771484375,175.70555185185185,106.67396296296296,83.75226666666667,122.04392716049382,42.286933014087275
ISIC_7827973,dermoscopic,Malignant,BCC,600,450,0.27,1.3333333333333333,21.0419921875,146.93775555555555,135.71265925925925,146.14118518518518,142.93053333333333,9.056832306014021
ISIC_3237026,clinical: close-up,Malignant,BCC,600,450,0.27,1.3333333333333333,50.0556640625,190.28375185185186,116.96173703703704,82.02958518518518,129.75835802469135,51.941260596616694
ISIC_5142210,dermoscopic,Malignant,BCC,600,450,0.27,1.3333333333333333,24.5224609375,150.21895925925926,131.4580962962963,130.4038925925926,137.3603160493827,23.21519499201755
ISIC_0589952,clinical: close-up,Malignant,BCC,600,450,0.27,1.3333333333333333,53.955078125,217.84525925925925,151.53765185185185,119.39785185185185,162.9269209876543,49.15550967147928
ISIC_5023550,dermoscopic,Benign,NV,600,450,0.27,1.3333333333333333,32.521484375,156.74043703703703,127.94708148148148,136.5402962962963,140.40927160493828,58.36755929653794
ISIC_9183794,dermoscopic,Benign,NV,600,450,0.27,1.3333333333333333,34.2060546875,157.48437777777778,132.5782962962963,130.66388148148147,140.24218518518518,57.375084222560865
ISIC_9114356,clinical: close-up,Malignant,AKIEC,600,450,0.27,1.3333333333333333,30.4716796875,173.08333703703704,142.6843074074074,119.20675555555556,144.99146666666667,35.96808048258866
ISIC_2305246,dermoscopic,Malignant,BCC,600,450,0.27,1.3333333333333333,27.1923828125,188.13714814814816,146.04546296296297,156.75606296296297,163.64622469135801,42.43733315725825
ISIC_6724521,clinical: close-up,Benign,BKL,600,450,0.27,1.3333333333333333,42.3876953125,172.67474814814815,128.3764074074074,95.08746296296296,132.0462061728395,39.343896598551254
ISIC_3211877,dermoscopic,Malignant,SCCKA,600,450,0.27,1.3333333333333333,29.513671875,198.8960074074074,172.74161481481482,170.82508148148148,180.8209012345679,51.977061015224486
ISIC_6739483,dermoscopic,Benign,DF,600,450,0.27,1.3333333333333333,20.7373046875,184.53045555555556,164.5513925925926,158.12728518518517,169.0697111111111,16.728882309465586
ISIC_9925307,dermoscopic,Malignant,BCC,600,450,0.27,1.3333333333333333,23.7314453125,145.78477777777778,132.92312222222222,137.3613,138.68973333333332,21.75344584658931
ISIC_5543919,dermoscopic,Benign,BKL,600,450,0.27,1.3333333333333333,26.5126953125,150.56702962962962,114.80603703703704,105.79116296296296,123.7214098765432,26.798285459941184
ISIC_1820380,clinical: close-up,Malignant,BCC,600,450,0.27,1.3333333333333333,42.5927734375,168.21493333333333,108.65461851851852,85.94385185185185,120.9378012345679,38.13776808847587
ISIC_9265386,dermoscopic,Malignant,BCC,600,450,0.27,1.3333333333333333,28.2265625,140.7922851851852,112.14292222222223,117.71946296296296,123.55155679012346,28.914984345061818
ISIC_6181707,clinical: close-up,Malignant,BCC,600,450,0.27,1.3333333333333333,41.689453125,165.94992222222223,118.34548518518518,85.8731962962963,123.38953456790124,37.7675071967617
ISIC_7784358,clinical: close-up,Malignant,BCC,600,450,0.27,1.3333333333333333,24.025390625,141.62747037037036,102.90056296296297,86.44646666666667,110.32483333333333,35.96939080195243
ISIC_7544069,dermoscopic,Benign,NV,600,450,0.27,1.3333333333333333,23.9013671875,117.9096,102.81362222222222,103.25892962962963,107.99405061728395,43.33065576243194
ISIC_3187803,dermoscopic,Malignant,BCC,600,450,0.27,1.3333333333333333,26.798828125,188.4722962962963,139.93633333333332,119.27457037037037,149.22773333333333,31.73421153854832
ISIC_6556418,clinical: close-up,Malignant,BCC,600,450,0.27,1.3333333333333333,33.369140625,179.17927407407407,127.18166296296296,86.51642592592593,130.95912098765433,41.26099671474265
ISIC_2668215,clinical: close-up,Benign,NV,600,450,0.27,1.3333333333333333,45.3037109375,148.2064074074074,118.34373333333333,92.58572592592593,119.71195555555556,29.058834542457582
ISIC_5745809,dermoscopic,Benign,BKL,600,450,0.27,1.3333333333333333,23.2705078125,157.53523333333334,135.5795222222222,156.03136296296296,149.71537283950616,35.97297006133675
ISIC_5778552,dermoscopic,Benign,NV,600,450,0.27,1.3333333333333333,45.8896484375,178.46962962962962,137.3100259259259,135.79641851851852,150.52535802469137,30.64416975032336
ISIC_6999928,dermoscopic,Malignant,BCC,600,450,0.27,1.3333333333333333,23.859375,194.56431111111112,154.97835925925926,136.1438814814815,161.89551728395062,27.705060787491337
ISIC_0339191,dermoscopic,Benign,BEN_OTH,600,450,0.27,1.3333333333333333,29.9111328125,158.6245074074074,135.25502962962963,137.60292592592592,143.82748765432098,20.03851732358523
ISIC_2252215,dermoscopic,Malignant,BCC,600,450,0.27,1.3333333333333333,27.1005859375,143.02867777777777,127.61396296296296,124.6734925925926,131.77204444444445,20.63606406193766
ISIC_3653173,clinical: close-up,Indeterminate,AKIEC,600,450,0.27,1.3333333333333333,38.9072265625,160.3807962962963,94.31557037037037,75.37332962962962,110.02323209876543,42.61362546280711
ISIC_4949753,clinical: close-up,Benign,NV,600,450,0.27,1.3333333333333333,16.3095703125,167.78024074074074,136.19885925925925,129.06696666666667,144.3486888888889,21.638462868651846
ISIC_3360235,dermoscopic,Malignant,BCC,600,450,0.27,1.3333333333333333,20.208984375,135.75137777777778,122.81369259259259,129.8791148148148,129.4813950617284,17.504578012255426
ISIC_0777268,dermoscopic,Benign,INF,600,450,0.27,1.3333333333333333,27.3193359375,163.67657037037037,121.14872962962963,126.00472962962964,136.94334320987653,39.70796045305609
ISIC_4665494,clinical: close-up,Benign,BEN_OTH,600,450,0.27,1.3333333333333333,22.490234375,185.25725185185186,170.71855925925925,159.96837037037037,171.9813938271605,33.69125762315923
ISIC_5997924,dermoscopic,Benign,NV,600,450,0.27,1.3333333333333333,22.41796875,141.27795925925926,130.3388037037037,130.1807777777778,133.9325135802469,55.756781915151514
ISIC_5387790,clinical: close-up,Malignant,BCC,600,450,0.27,1.3333333333333333,43.3662109375,185.44213333333335,116.78812962962962,92.33316666666667,131.52114320987656,42.45393616821122
ISIC_7320560,dermoscopic,Malignant,MEL,600,450,0.27,1.3333333333333333,29.564453125,146.7461962962963,124.80125925925925,126.53496666666666,132.69414074074075,35.42201356748729
ISIC_1032764,clinical: close-up,Malignant,BCC,600,450,0.27,1.3333333333333333,34.78125,161.72024444444443,112.16834814814816,87.2921,120.39356419753086,33.38447816772136
ISIC_4300672,dermoscopic,Malignant,MEL,600,450,0.27,1.3333333333333333,32.806640625,156.54416296296296,131.4005185185185,125.77934814814815,137.90800987654322,23.131501038331304
ISIC_1219741,clinical: close-up,Benign,NV,600,450,0.27,1.3333333333333333,45.8583984375,169.99866666666668,117.28299259259259,83.65596666666667,123.64587530864198,43.63405431200464
ISIC_2211674,dermoscopic,Malignant,BCC,600,450,0.27,1.3333333333333333,33.8896484375,195.7269814814815,134.33675555555556,136.22774814814815,155.4304950617284,33.88378418642096
ISIC_9035644,dermoscopic,Malignant,BCC,600,450,0.27,1.3333333333333333,20.1630859375,197.8849037037037,135.50962222222222,141.65135185185184,158.34862592592592,31.621576974182403
ISIC_3318403,clinical: close-up,Malignant,BCC,600,450,0.27,1.3333333333333333,52.0390625,174.4699,126.30797777777778,101.02532592592593,133.9344012345679,36.2937265505408
ISIC_9892615,dermoscopic,Malignant,BCC,600,450,0.27,1.3333333333333333,28.23828125,193.65132222222223,138.22555185185186,130.47254814814815,154.11647407407406,41.178517193246684
ISIC_1332174,clinical: close-up,Benign,BKL,600,450,0.27,1.3333333333333333,27.9111328125,158.26176666666666,110.50808148148148,99.96868518518518,122.91284444444445,31.500126262071074
ISIC_1940714,dermoscopic,Indeterminate,AKIEC,600,450,0.27,1.3333333333333333,40.392578125,120.80849259259259,92.11907407407408,86.11021481481481,99.67926049382716,25.28423578547708
ISIC_4668728,clinical: close-up,Benign,NV,600,450,0.27,1.3333333333333333,50.0537109375,189.24065925925925,138.82665185185186,126.2660962962963,151.44446913580248,31.32729591601454
ISIC_8056101,dermoscopic,Benign,BKL,600,450,0.27,1.3333333333333333,28.21484375,178.71295185185184,118.0915962962963,89.24667407407408,128.68374074074075,53.13462838081539
ISIC_1733416,dermoscopic,Benign,NV,600,450,0.27,1.3333333333333333,29.322265625,171.88347037037036,147.05231111111112,137.70935185185186,152.21504444444443,30.5821126261257
ISIC_2827093,dermoscopic,Malignant,BCC,600,450,0.27,1.3333333333333333,29.2822265625,177.44575925925926,133.60673333333332,156.68167037037037,155.91138765432098,21.78144962696912
ISIC_2546414,clinical: close-up,Malignant,BCC,600,450,0.27,1.3333333333333333,35.326171875,165.52503703703704,133.15992962962963,94.20067037037037,130.9618790123457,37.19246633027409
ISIC_5225765,dermoscopic,Malignant,SCCKA,600,450,0.27,1.3333333333333333,27.6787109375,117.76114814814815,103.45717037037036,111.86994444444444,111.02942098765432,21.62571748237981
ISIC_3494647,dermoscopic,Malignant,SCCKA,600,450,0.27,1.3333333333333333,25.814453125,180.81164444444445,127.15297037037037,90.23826296296296,132.7342925925926,41.463988847897724
ISIC_4877646,dermoscopic,Malignant,BCC,600,450,0.27,1.3333333333333333,31.1796875,217.88471481481483,123.65340740740741,104.82877777777777,148.78896666666665,58.48003966317308
ISIC_0587530,clinical: close-up,Benign,NV,600,450,0.27,1.3333333333333333,25.564453125,189.6032962962963,155.0925851851852,147.98545925925927,164.2271135802469,27.414401138672314
ISIC_8179634,dermoscopic,Benign,BKL,600,450,0.27,1.3333333333333333,27.19140625,164.59953703703704,124.28786666666667,142.04307777777777,143.64349382716048,31.944975796787972
ISIC_8483821,clinical: close-up,Benign,BKL,600,450,0.27,1.3333333333333333,42.234375,170.54585555555556,122.58692222222223,87.47955555555555,126.87077777777777,36.83894712222479
ISIC_4566511,clinical: close-up,Benign,BKL,600,450,0.27,1.3333333333333333,45.185546875,173.94171481481482,104.90271851851851,67.83220740740741,115.55888024691357,51.56096963699041
ISIC_6725643,clinical: close-up,Benign,NV,600,450,0.27,1.3333333333333333,32.5693359375,177.93177407407407,136.20395925925925,101.14654814814814,138.42742716049383,49.80878872666484
ISIC_5889858,dermoscopic,Malignant,MEL,600,450,0.27,1.3333333333333333,21.3466796875,166.30724074074075,123.9166925925926,154.26642222222222,148.16345185185185,31.538202928923415
ISIC_3011830,clinical: close-up,Malignant,BCC,600,450,0.27,1.3333333333333333,28.4296875,165.60137037037038,127.8503962962963,94.33821481481482,129.26332716049382,32.45710237542802
ISIC_9225022,clinical: close-up,Benign,BKL,600,450,0.27,1.3333333333333333,42.123046875,169.79824814814816,136.3472037037037,98.6147037037037,134.92005185185184,39.5211448126943
ISIC_3946986,clinical: close-up,Benign,NV,600,450,0.27,1.3333333333333333,33.1162109375,145.91683703703703,114.004,81.93215185185186,113.9509962962963,34.91377272363325
ISIC_2869457,clinical: close-up,Malignant,SCCKA,600,450,0.27,1.3333333333333333,44.705078125,167.71791851851853,105.28233703703704,80.37981481481482,117.79335679012345,43.15199302798789
ISIC_4214316,clinical: close-up,Benign,NV,600,450,0.27,1.3333333333333333,51.01953125,174.43207037037038,151.73312962962962,136.4328888888889,154.19936296296297,25.98512262081661
ISIC_3129117,dermoscopic,Malignant,BCC,600,450,0.27,1.3333333333333333,21.19921875,158.59593703703703,142.9022037037037,126.1304962962963,142.54287901234568,20.033822226306157
ISIC_7169372,dermoscopic,Malignant,BCC,600,450,0.27,1.3333333333333333,25.7001953125,199.85240370370371,162.7082037037037,152.88464074074074,171.81508271604937,33.638512825395075
ISIC_1331527,clinical: close-up,Malignant,MEL,600,450,0.27,1.3333333333333333,39.85546875,125.38407037037037,82.87398148148148,67.04117037037037,91.76640740740741,32.19949780962498
ISIC_9532049,dermoscopic,Benign,NV,600,450,0.27,1.3333333333333333,21.923828125,192.84536666666668,174.26313333333334,163.08843703703704,176.73231234567902,50.90197846077261
ISIC_8825637,dermoscopic,Benign,INF,600,450,0.27,1.3333333333333333,22.6875,165.93324444444445,157.27108148148147,158.44784814814815,160.55072469135803,14.216228679571953
ISIC_4892815,clinical: close-up,Benign,NV,600,450,0.27,1.3333333333333333,43.2080078125,179.13707037037037,158.1385925925926,143.58828518518519,160.28798271604938,29.616799233196254
ISIC_9445672,dermoscopic,Indeterminate,AKIEC,600,450,0.27,1.3333333333333333,22.6552734375,155.2028185185185,99.72624444444445,89.40991481481481,114.77965925925926,33.835784338623235
ISIC_7053200,dermoscopic,Malignant,BCC,600,450,0.27,1.3333333333333333,28.8291015625,164.28447037037037,145.65685555555555,143.65934074074073,151.2002222222222,21.32139411164752
ISIC_7332242,dermoscopic,Malignant,SCCKA,600,450,0.27,1.3333333333333333,26.3251953125,165.35541111111112,133.83914074074073,143.4151185185185,147.53655679012346,20.582281470106178
ISIC_7706534,clinical: close-up,Benign,NV,600,450,0.27,1.3333333333333333,19.9755859375,149.48786666666666,125.94867407407408,119.99457037037037,131.81037037037038,19.444923196928055
ISIC_6752467,clinical: close-up,Malignant,BCC,600,450,0.27,1.3333333333333333,46.1494140625,206.7869259259259,127.78232962962963,107.86257777777777,147.47727777777777,48.03383241570595
ISIC_9210156,clinical: close-up,Benign,INF,600,450,0.27,1.3333333333333333,32.927734375,153.58084814814814,127.58547407407407,99.60976666666667,126.92536296296296,48.84396738902724
ISIC_4803004,dermoscopic,Malignant,BCC,600,450,0.27,1.3333333333333333,35.26171875,143.48551481481482,111.36043333333333,108.84659259259259,121.23084691358025,30.186434056716855
ISIC_1602614,dermoscopic,Malignant,BCC,600,450,0.27,1.3333333333333333,19.4814453125,139.3969925925926,128.57292592592592,134.5986111111111,134.1895098765432,11.398870891962538
ISIC_6491752,clinical: close-up,Benign,NV,600,450,0.27,1.3333333333333333,28.27734375,162.19438148148149,96.14348888888888,64.81422222222223,107.71736419753087,51.188912714614254
ISIC_1936960,clinical: close-up,Malignant,BCC,600,450,0.27,1.3333333333333333,45.0654296875,161.81272592592592,107.30560740740741,83.26627407407408,117.46153580246913,37.03187391879605
ISIC_6566959,clinical: close-up,Malignant,BCC,600,450,0.27,1.3333333333333333,32.8935546875,162.43255925925925,112.33377777777778,87.04844444444444,120.60492716049383,34.43564504333046
ISIC_8234371,dermoscopic,Malignant,BCC,600,450,0.27,1.3333333333333333,31.724609375,187.0828111111111,90.42832962962963,122.42708518518519,133.31274197530865,50.411808567776696
ISIC_2387540,dermoscopic,Malignant,BCC,600,450,0.27,1.3333333333333333,24.296875,178.63504814814814,157.44541851851852,143.80035925925927,159.96027530864197,22.755919451805166
ISIC_8791911,clinical: close-up,Benign,BKL,600,450,0.27,1.3333333333333333,36.314453125,172.8651962962963,115.64074814814815,85.51449259259259,124.67347901234568,39.124602992915634
ISIC_4716627,dermoscopic,Malignant,BCC,600,450,0.27,1.3333333333333333,29.09375,185.24301111111112,139.7605814814815,145.27626296296296,156.75995185185184,30.52278554425198
ISIC_5297462,dermoscopic,Malignant,BCC,600,450,0.27,1.3333333333333333,17.8603515625,146.9980888888889,137.3456185185185,130.9734185185185,138.43904197530864,17.791292229092132
ISIC_3827392,clinical: close-up,Benign,NV,600,450,0.27,1.3333333333333333,27.7265625,178.17507407407408,161.33657037037037,140.79281851851852,160.10148765432098,18.20004355602496
ISIC_7395651,clinical: close-up,Malignant,SCCKA,600,450,0.27,1.3333333333333333,23.8818359375,113.2813925925926,55.56105185185185,49.22458148148148,72.6890086419753,62.9691896769584
ISIC_6782031,dermoscopic,Malignant,SCCKA,600,450,0.27,1.3333333333333333,25.8125,185.13444814814815,124.87728888888888,126.12903703703704,145.38025802469136,47.57882110156687
ISIC_6053581,dermoscopic,Benign,BKL,600,450,0.27,1.3333333333333333,25.9404296875,153.15477777777778,142.90695925925925,139.37075925925927,145.14416543209876,24.92900480415772
ISIC_2204119,dermoscopic,Malignant,SCCKA,600,450,0.27,1.3333333333333333,18.443359375,176.6404962962963,134.2251037037037,118.41737407407408,143.09432469135803,31.569134095568067
ISIC_4082323,clinical: close-up,Malignant,BCC,600,450,0.27,1.3333333333333333,43.994140625,173.9806,136.62172592592592,145.8556925925926,152.15267283950618,36.286480608550264
ISIC_5995507,clinical: close-up,Malignant,SCCKA,600,450,0.27,1.3333333333333333,37.98046875,141.16732592592592,90.48305555555555,74.25193333333333,101.96743827160493,37.29646787937235
ISIC_2013889,clinical: close-up,Malignant,BCC,600,450,0.27,1.3333333333333333,40.921875,166.90714814814814,111.94767777777778,79.13854074074074,119.33112222222222,38.471946120788644
ISIC_1126401,dermoscopic,Malignant,MEL,600,450,0.27,1.3333333333333333,18.80859375,223.72026296296298,217.56806296296295,212.73315555555556,218.00716049382717,38.23896174899246
ISIC_4517401,dermoscopic,Malignant,BCC,600,450,0.27,1.3333333333333333,24.26171875,152.27004074074074,127.9266037037037,128.78716296296295,136.32793580246914,43.702150907157055
ISIC_9668533,dermoscopic,Malignant,BCC,600,450,0.27,1.3333333333333333,22.767578125,193.48177777777778,155.90172962962964,133.25583703703703,160.87978148148147,27.373600927804855
ISIC_1532506,dermoscopic,Benign,NV,600,450,0.27,1.3333333333333333,26.94140625,181.18625925925926,166.56542592592592,174.92527777777778,174.22565432098764,59.737863904153144
ISIC_6347418,dermoscopic,Malignant,BCC,600,450,0.27,1.3333333333333333,25.4462890625,151.91062592592593,127.76538888888889,131.76617037037036,137.1473950617284,23.498027248522828
ISIC_2014865,dermoscopic,Malignant,BCC,600,450,0.27,1.3333333333333333,20.41796875,129.01657037037037,118.29984074074073,125.65485555555556,124.32375555555555,16.905176856882306
ISIC_9832572,clinical: close-up,Malignant,MEL,600,450,0.27,1.3333333333333333,59.4404296875,197.32777777777778,165.8400074074074,146.69542592592592,169.9544037037037,31.295956568236956
ISIC_2453811,clinical: close-up,Malignant,BCC,600,450,0.27,1.3333333333333333,41.662109375,189.18337407407407,127.95973333333333,96.37672222222223,137.83994320987654,44.44410309976402
ISIC_8401508,clinical: close-up,Malignant,SCCKA,600,450,0.27,1.3333333333333333,40.5751953125,200.49037777777778,174.93556666666666,165.9432888888889,180.45641111111112,27.946118947114932
ISIC_7319186,dermoscopic,Malignant,BCC,600,450,0.27,1.3333333333333333,18.474609375,161.42152222222222,133.20655185185186,139.85823333333335,144.82876913580247,16.773168380541893
ISIC_9400517,clinical: close-up,Benign,INF,600,450,0.27,1.3333333333333333,24.275390625,200.99962592592593,166.15485185185184,151.00915555555557,172.7212111111111,22.65917706251694
ISIC_2869678,clinical: close-up,Malignant,BCC,600,450,0.27,1.3333333333333333,36.7373046875,199.0038925925926,176.20322222222222,146.60837407407408,173.9384962962963,37.47442993263422
ISIC_4590231,clinical: close-up,Benign,BKL,600,450,0.27,1.3333333333333333,43.158203125,175.95697777777778,139.97361481481482,107.79833333333333,141.24297530864197,30.839681309091116
ISIC_0260732,clinical: close-up,Malignant,AKIEC,600,450,0.27,1.3333333333333333,41.96484375,179.06397037037038,124.11535555555555,106.15263703703704,136.44398765432098,34.32134657204414
ISIC_2994885,clinical: close-up,Benign,BKL,600,450,0.27,1.3333333333333333,36.0986328125,177.84560370370372,116.91204444444445,91.35447037037036,128.70403950617285,39.09984534690036
ISIC_1134411,clinical: close-up,Benign,BKL,600,450,0.27,1.3333333333333333,35.693359375,201.14071851851853,156.98301111111113,125.47281851851852,161.19884938271605,36.04038249011939
ISIC_4793606,dermoscopic,Malignant,MEL,600,450,0.27,1.3333333333333333,37.42578125,214.56384074074074,141.91247777777778,165.04348518518518,173.83993456790122,39.99413670046488
ISIC_8195300,clinical: close-up,Malignant,BCC,600,450,0.27,1.3333333333333333,35.853515625,170.81344444444446,123.11550370370371,88.73114444444444,127.55336419753087,37.39133476121687
ISIC_1863906,clinical: close-up,Benign,BKL,600,450,0.27,1.3333333333333333,40.0849609375,179.75903703703705,122.19551851851851,89.42055185185185,130.45836913580246,41.784228611981185
ISIC_9968131,clinical: close-up,Malignant,BCC,600,450,0.27,1.3333333333333333,41.576171875,177.76402962962962,166.52401111111112,153.85046666666668,166.04616913580247,21.562558725282805
ISIC_3945933,dermoscopic,Benign,DF,600,450,0.27,1.3333333333333333,31.9814453125,185.2282962962963,163.31224814814814,190.9362,179.8255814814815,23.773613013407576
ISIC_9043368,clinical: close-up,Benign,NV,600,450,0.27,1.3333333333333333,40.419921875,211.9533074074074,165.57634074074073,124.5287925925926,167.3528135802469,39.35420218966459
ISIC_9336484,clinical: close-up,Malignant,BCC,600,450,0.27,1.3333333333333333,32.166015625,179.45833703703704,128.08355925925926,99.57818518518519,135.7066938271605,36.13859355769785
ISIC_1537733,clinical: close-up,Malignant,SCCKA,600,450,0.27,1.3333333333333333,48.0361328125,176.4267111111111,96.23235185185185,77.06192222222222,116.57366172839507,46.35504959907265
ISIC_3629047,clinical: close-up,Malignant,BCC,600,450,0.27,1.3333333333333333,37.5439453125,177.56243703703703,140.68406296296297,124.08646296296297,147.44432098765432,33.1105132100481
ISIC_4148971,dermoscopic,Malignant,BCC,600,450,0.27,1.3333333333333333,20.7548828125,190.7870888888889,150.09515555555555,132.08788518518517,157.6567098765432,26.73780908390189
ISIC_5362779,dermoscopic,Malignant,BCC,600,450,0.27,1.3333333333333333,24.8525390625,158.97756296296296,132.5199074074074,133.55983703703703,141.68576913580247,21.593588176169572
ISIC_2873444,dermoscopic,Malignant,SCCKA,600,450,0.27,1.3333333333333333,31.55859375,156.01273703703703,124.53085185185185,113.3813,131.3082962962963,50.764124255406806
ISIC_6993040,dermoscopic,Malignant,MEL,600,450,0.27,1.3333333333333333,25.033203125,205.69015925925925,144.85975555555555,137.20516296296296,162.58502592592592,51.660413578345924
ISIC_2525661,clinical: close-up,Benign,BKL,600,450,0.27,1.3333333333333333,44.490234375,171.00557407407408,133.45444444444445,104.11210740740741,136.1907086419753,33.08762426643218
ISIC_4225552,dermoscopic,Malignant,BCC,600,450,0.27,1.3333333333333333,21.31640625,193.36931481481483,157.3743851851852,133.14045555555555,161.29471851851852,27.83324861831912
ISIC_9155561,clinical: close-up,Benign,NV,600,450,0.27,1.3333333333333333,51.650390625,177.46086296296295,121.07837777777777,90.04015185185185,129.52646419753086,51.706826813801115
ISIC_6418734,dermoscopic,Malignant,BCC,600,450,0.27,1.3333333333333333,20.890625,184.2434037037037,154.39386666666667,133.50273333333334,157.3800012345679,23.10001545186803
ISIC_4229124,clinical: close-up,Benign,BKL,600,450,0.27,1.3333333333333333,40.2109375,164.01181111111111,121.76703703703704,94.61419259259259,126.79768024691359,32.55030490538546
ISIC_1338973,clinical: close-up,Malignant,BCC,600,450,0.27,1.3333333333333333,36.275390625,176.0501037037037,128.6951185185185,106.20922592592592,136.98481604938272,34.80245912009191
ISIC_2977779,clinical: close-up,Indeterminate,AKIEC,600,450,0.27,1.3333333333333333,42.5458984375,184.8948037037037,114.2283037037037,96.89628148148148,132.00646296296296,42.19878845558245
ISIC_6849103,clinical: close-up,Malignant,BCC,600,450,0.27,1.3333333333333333,17.169921875,92.02826296296297,78.53988518518518,70.05041851851851,80.20618888888889,37.90617313117667
ISIC_0237641,clinical: close-up,Malignant,BCC,600,450,0.27,1.3333333333333333,34.4921875,171.1118,120.57017777777777,82.77634814814814,124.81944197530864,38.58962607716002
ISIC_9376271,clinical: close-up,Benign,NV,600,450,0.27,1.3333333333333333,54.9296875,177.43743333333333,141.7427037037037,98.84451851851851,139.34155185185185,37.67170658332853
ISIC_8072870,dermoscopic,Benign,NV,600,450,0.27,1.3333333333333333,23.3056640625,149.95444444444445,140.13899629629628,146.95852592592593,145.68398888888888,29.52092080834736
ISIC_2106983,dermoscopic,Benign,NV,600,450,0.27,1.3333333333333333,21.0078125,198.8685074074074,189.21395185185185,195.43742962962963,194.50662962962963,22.20178728204436
ISIC_4438725,dermoscopic,Malignant,BCC,600,450,0.27,1.3333333333333333,62.1318359375,180.1898,154.5483148148148,187.29527777777778,174.01113086419753,36.034202710657425
ISIC_7105876,dermoscopic,Malignant,BCC,600,450,0.27,1.3333333333333333,24.1025390625,180.57307777777777,155.11602222222223,135.10932962962963,156.93280987654322,21.47362301725794
ISIC_7139633,clinical: close-up,Malignant,BCC,600,450,0.27,1.3333333333333333,30.5009765625,207.9401,176.06216296296296,148.45367037037036,177.48531111111112,25.862842243804167
ISIC_2027374,dermoscopic,Malignant,SCCKA,600,450,0.27,1.3333333333333333,32.541015625,149.57971481481482,107.40291111111111,117.35166296296296,124.7780962962963,57.05641830554555
ISIC_8905603,dermoscopic,Benign,NV,600,450,0.27,1.3333333333333333,31.658203125,133.91827777777777,107.33238888888889,126.64377407407407,122.63148024691358,32.7805985883246
ISIC_8861411,clinical: close-up,Malignant,AKIEC,600,450,0.27,1.3333333333333333,37.2744140625,146.51165185185187,103.6793074074074,83.8061037037037,111.33235432098765,33.71354035945029
ISIC_8381176,dermoscopic,Benign,BKL,600,450,0.27,1.3333333333333333,27.498046875,149.69771111111112,123.76661111111112,110.32270370370371,127.92900864197532,54.421515180561386
ISIC_4553466,dermoscopic,Malignant,AKIEC,600,450,0.27,1.3333333333333333,27.2333984375,173.31386666666666,132.67317407407407,137.38778148148148,147.7916074074074,25.520710779682293
ISIC_1620077,dermoscopic,Malignant,BCC,600,450,0.27,1.3333333333333333,18.896484375,178.9686111111111,145.52306666666667,128.2846037037037,150.92542716049383,24.19039554084373
ISIC_9209191,clinical: close-up,Benign,NV,600,450,0.27,1.3333333333333333,40.2919921875,210.58866666666665,182.09387037037038,161.28171851851852,184.65475185185184,29.513706378732365
ISIC_3034326,clinical: close-up,Benign,BKL,600,450,0.27,1.3333333333333333,44.9453125,160.14447777777778,86.79666666666667,63.4709,103.47068148148148,44.11249739976444
ISIC_3101169,dermoscopic,Benign,BKL,600,450,0.27,1.3333333333333333,27.8798828125,169.1410148148148,133.60482592592592,108.44989259259259,137.06524444444443,43.76749963893243
ISIC_1390589,clinical: close-up,Malignant,BCC,600,450,0.27,1.3333333333333333,27.05078125,207.58424814814813,159.13616296296297,150.61185925925926,172.4440901234568,40.01644297852579
ISIC_7174859,dermoscopic,Benign,NV,600,450,0.27,1.3333333333333333,23.8603515625,194.45827777777777,162.1021814814815,198.04287407407406,184.86777777777777,34.294398797600884
ISIC_5906534,clinical: close-up,Malignant,BCC,600,450,0.27,1.3333333333333333,33.8310546875,215.11314814814816,158.1404222222222,124.61065925925926,165.95474320987654,48.995968831113956
ISIC_6339347,dermoscopic,Benign,NV,600,450,0.27,1.3333333333333333,26.5810546875,211.26888888888888,191.75737037037038,179.0194148148148,194.01522469135801,37.652618033172445
ISIC_2897696,clinical: close-up,Benign,NV,600,450,0.27,1.3333333333333333,40.1142578125,225.4295925925926,206.86347037037038,184.7289962962963,205.6740197530864,22.7895700334763
ISIC_2857248,dermoscopic,Malignant,BCC,600,450,0.27,1.3333333333333333,21.55078125,184.3943074074074,161.6085925925926,135.8274888888889,160.61012962962963,22.959908533348717
ISIC_6523987,clinical: close-up,Malignant,BCC,600,450,0.27,1.3333333333333333,36.21484375,207.96925925925925,146.46302962962963,121.0677,158.4999962962963,59.24864265778677
ISIC_4720694,dermoscopic,Malignant,BCC,600,450,0.27,1.3333333333333333,28.66015625,189.04832962962962,162.9388888888889,134.33693703703705,162.10805185185185,25.764592966379993
ISIC_8204527,dermoscopic,Indeterminate,AKIEC,600,450,0.27,1.3333333333333333,43.443359375,190.30568148148149,120.85872592592592,128.27853703703704,146.48098148148148,42.28211671441615
ISIC_5863762,dermoscopic,Malignant,BCC,600,450,0.27,1.3333333333333333,19.203125,179.0882814814815,161.6436185185185,152.04952592592593,164.260475308642,17.64057789348345
ISIC_1774371,dermoscopic,Malignant,SCCKA,600,450,0.27,1.3333333333333333,30.6689453125,241.49665925925925,190.62637037037038,185.13026666666667,205.7510987654321,35.116210301699816
ISIC_4811323,clinical: close-up,Malignant,SCCKA,600,450,0.27,1.3333333333333333,37.544921875,188.35977777777777,127.45247407407408,101.6488037037037,139.1536851851852,41.36230486300182
ISIC_0211830,clinical: close-up,Benign,BKL,600,450,0.27,1.3333333333333333,38.083984375,190.63614814814815,162.05832962962964,140.83061111111112,164.50836296296296,24.907117217485084
ISIC_1712861,dermoscopic,Benign,NV,600,450,0.27,1.3333333333333333,32.4462890625,172.0432851851852,148.47447407407407,142.7306111111111,154.41612345679013,30.838098759422078
ISIC_9176060,clinical: close-up,Malignant,AKIEC,600,450,0.27,1.3333333333333333,41.900390625,228.63887037037037,153.92265185185184,116.94442962962962,166.50198395061727,50.94920507032968
ISIC_1058069,clinical: close-up,Malignant,SCCKA,600,450,0.27,1.3333333333333333,23.802734375,210.5114111111111,176.49314074074073,143.57393333333334,176.85949506172838,32.428525780371935
ISIC_7256008,dermoscopic,Benign,NV,600,450,0.27,1.3333333333333333,23.220703125,150.5537037037037,140.78875555555555,143.67690370370372,145.00645432098764,28.883763653412363
ISIC_9112089,clinical: close-up,Malignant,BCC,600,450,0.27,1.3333333333333333,40.953125,166.15458148148147,115.42411111111112,89.42124444444444,123.66664567901235,34.72493425259861
ISIC_0307392,clinical: close-up,Malignant,BCC,600,450,0.27,1.3333333333333333,25.517578125,165.5025222222222,121.6463962962963,91.02818888888889,126.05903580246914,34.554447963081195
ISIC_8438197,clinical: close-up,Malignant,BCC,600,450,0.27,1.3333333333333333,40.00390625,166.18776666666668,111.47654814814815,76.57966666666667,118.08132716049383,40.97714107683987
ISIC_8285122,dermoscopic,Malignant,MEL,600,450,0.27,1.3333333333333333,31.4951171875,172.2028777777778,136.04386666666667,137.6240185185185,148.623587654321,35.20350898149527
ISIC_2258441,clinical: close-up,Malignant,MEL,600,450,0.27,1.3333333333333333,47.9189453125,202.01999629629628,134.36847777777777,119.47371111111111,151.95406172839506,42.92835347006115
ISIC_5691487,clinical: close-up,Malignant,MEL,600,450,0.27,1.3333333333333333,40.7822265625,128.42937407407408,110.7986037037037,93.18453333333333,110.80417037037037,22.496663925862343
ISIC_0510199,clinical: close-up,Benign,BKL,600,450,0.27,1.3333333333333333,42.40625,179.7932851851852,148.8547851851852,115.58003703703703,148.07603580246914,41.239278113195475
ISIC_6527571,dermoscopic,Benign,BKL,600,450,0.27,1.3333333333333333,25.4814453125,150.21207037037038,133.65347407407407,132.84084444444446,138.90212962962963,37.84386540182038
ISIC_0107067,dermoscopic,Benign,BKL,600,450,0.27,1.3333333333333333,44.6533203125,196.0803185185185,169.6871,150.45891851851852,172.07544567901235,48.2274139350546
ISIC_3770337,dermoscopic,Malignant,BCC,600,450,0.27,1.3333333333333333,25.2841796875,183.80568148148149,145.75506666666666,118.3619962962963,149.3075814814815,35.44128721295633
ISIC_3236056,dermoscopic,Malignant,BCC,600,450,0.27,1.3333333333333333,24.73828125,156.2161148148148,124.87515555555555,149.41965185185185,143.50364074074074,24.210699789057543
ISIC_6178342,clinical: close-up,Malignant,BCC,600,450,0.27,1.3333333333333333,32.484375,166.46354074074074,116.53982962962964,85.69063703703704,122.8980024691358,39.477387982689486
ISIC_4271987,clinical: close-up,Malignant,BCC,600,450,0.27,1.3333333333333333,45.8837890625,173.98254444444444,112.1971,86.93775555555555,124.37246666666667,41.89382964601568
ISIC_4594686,dermoscopic,Benign,BKL,600,450,0.27,1.3333333333333333,27.09765625,210.70435925925926,188.64244444444444,171.4456111111111,190.26413827160493,38.93927198315875
ISIC_9457442,clinical: close-up,Malignant,BCC,600,450,0.27,1.3333333333333333,31.595703125,226.09751481481482,186.49311111111112,159.79675185185187,190.7957925925926,30.06483542220695
ISIC_7808009,clinical: close-up,Benign,BEN_OTH,600,450,0.27,1.3333333333333333,42.9755859375,167.41175555555554,136.24595925925925,119.18573333333333,140.9478160493827,22.925690404849348
ISIC_2305541,dermoscopic,Malignant,MEL,600,450,0.27,1.3333333333333333,28.095703125,153.82863333333333,139.97314444444444,135.7265962962963,143.176124691358,50.84538507865584
ISIC_6347753,dermoscopic,Benign,NV,600,450,0.27,1.3333333333333333,17.3427734375,154.7182037037037,139.42574444444443,166.37418888888888,153.50604567901235,17.61944970463634
ISIC_4494081,clinical: close-up,Malignant,BCC,600,450,0.27,1.3333333333333333,38.103515625,172.73677777777777,127.47892592592592,103.84427037037037,134.68665802469135,32.416150726414465
ISIC_1103956,dermoscopic,Benign,BKL,600,450,0.27,1.3333333333333333,27.2724609375,161.91497777777778,110.32015555555556,106.00402592592593,126.07971975308642,54.191576577190126
ISIC_0364345,clinical: close-up,Malignant,MEL,600,450,0.27,1.3333333333333333,39.0361328125,171.0286888888889,141.50778888888888,131.86143703703704,148.13263827160495,23.34335400547034
ISIC_8353499,dermoscopic,Malignant,BCC,600,450,0.27,1.3333333333333333,22.544921875,192.19940740740742,154.94660370370372,127.9099962962963,158.3520024691358,27.917977445225016
ISIC_3496072,clinical: close-up,Malignant,SCCKA,600,450,0.27,1.3333333333333333,34.7431640625,186.01137777777777,121.3447925925926,103.72523333333334,137.02713456790124,40.750917169248815
ISIC_3737700,dermoscopic,Malignant,BCC,600,450,0.27,1.3333333333333333,20.400390625,152.98184074074075,138.48754074074074,134.79276666666667,142.08738271604938,18.353978713927564
ISIC_4668657,dermoscopic,Malignant,MEL,600,450,0.27,1.3333333333333333,29.00390625,201.39912222222222,168.4855777777778,157.6173074074074,175.8340024691358,44.35891286982343
ISIC_4927149,dermoscopic,Benign,NV,600,450,0.27,1.3333333333333333,23.31640625,136.22031851851852,114.28511851851852,113.53367777777778,121.34637160493827,40.13757967316832
ISIC_0610035,dermoscopic,Malignant,BCC,600,450,0.27,1.3333333333333333,31.02734375,187.42565555555555,182.26415185185186,191.03158148148148,186.90712962962962,34.99622065708657
ISIC_3310439,clinical: close-up,Malignant,BCC,600,450,0.27,1.3333333333333333,43.58203125,163.80904444444445,135.82961481481482,117.05264814814815,138.8971024691358,33.67394744887359
ISIC_9508636,dermoscopic,Malignant,BCC,600,450,0.27,1.3333333333333333,29.8486328125,175.13575185185186,167.88852222222224,170.71012962962962,171.2448012345679,13.629172307504692
ISIC_6886169,dermoscopic,Benign,BKL,600,450,0.27,1.3333333333333333,32.220703125,196.68944074074074,167.0639111111111,184.79085925925926,182.84807037037038,62.61810466791897
ISIC_3553323,clinical: close-up,Benign,NV,600,450,0.27,1.3333333333333333,34.6201171875,200.10484814814814,165.23087037037038,139.38285185185185,168.23952345679012,30.31958693601279
ISIC_2677713,clinical: close-up,Benign,DF,600,450,0.27,1.3333333333333333,45.9423828125,150.50124074074074,127.53507777777777,119.28957777777778,132.44196543209875,19.396146171595948
ISIC_6751355,dermoscopic,Benign,NV,600,450,0.27,1.3333333333333333,23.0654296875,168.37615555555556,139.8806111111111,167.03427407407406,158.43034691358025,26.28217948200064
ISIC_9627432,clinical: close-up,Benign,NV,600,450,0.27,1.3333333333333333,32.873046875,178.77277037037038,147.53743703703702,118.81255925925926,148.37425555555555,30.80606030146754
ISIC_9379186,clinical: close-up,Malignant,SCCKA,600,450,0.27,1.3333333333333333,26.6357421875,151.3294111111111,109.85799629629629,80.19685925925926,113.79475555555555,56.56156484688079
ISIC_4466417,clinical: close-up,Benign,DF,600,450,0.27,1.3333333333333333,29.826171875,197.02208148148148,154.31124444444444,131.81758518518518,161.0503037037037,28.409820861618357
ISIC_9777580,dermoscopic,Malignant,BCC,600,450,0.27,1.3333333333333333,27.9072265625,153.20254444444444,123.52435185185185,132.73123703703703,136.48604444444445,28.010617172391466
ISIC_1151059,dermoscopic,Malignant,MEL,600,450,0.27,1.3333333333333333,34.8828125,184.15804074074074,159.39648888888888,133.18194814814814,158.91215925925925,66.27264285820866
ISIC_2517252,clinical: close-up,Malignant,BCC,600,450,0.27,1.3333333333333333,48.029296875,175.52815185185185,106.36124074074074,73.65702592592592,118.51547283950617,45.6567846847731
ISIC_4380028,dermoscopic,Benign,BKL,600,450,0.27,1.3333333333333333,25.302734375,193.82497407407408,152.19397407407408,134.41356296296297,160.14417037037038,28.152368539973327
ISIC_7726794,dermoscopic,Malignant,AKIEC,600,450,0.27,1.3333333333333333,30.712890625,159.05735185185185,109.11845555555556,116.16298518518518,128.11293086419752,31.801413156001054
ISIC_7780391,clinical: close-up,Benign,BKL,600,450,0.27,1.3333333333333333,26.3623046875,146.20479259259258,121.63858888888889,108.93660370370371,125.59332839506173,27.37925827406279
ISIC_7016980,clinical: close-up,Malignant,BCC,600,450,0.27,1.3333333333333333,44.1669921875,171.73572222222222,110.74911851851851,90.99229259259259,124.49237777777778,40.152112299960535
ISIC_6376325,dermoscopic,Malignant,MEL,600,450,0.27,1.3333333333333333,29.546875,169.57314444444444,133.12236666666666,131.28624814814816,144.6605864197531,44.76672760980726
ISIC_6761603,clinical: close-up,Malignant,AKIEC,600,450,0.27,1.3333333333333333,45.2216796875,159.0574074074074,91.21602222222222,81.16081111111112,110.47808024691358,37.91514640525383
ISIC_2178421,dermoscopic,Benign,NV,600,450,0.27,1.3333333333333333,30.2158203125,167.90473333333333,139.3452074074074,124.67363703703704,143.97452592592592,34.476323999284624
ISIC_0633557,clinical: close-up,Malignant,SCCKA,600,450,0.27,1.3333333333333333,40.02734375,185.72876296296297,136.96482962962963,116.38019259259259,146.35792839506172,37.29351541759345
ISIC_1357348,clinical: close-up,Malignant,BCC,600,450,0.27,1.3333333333333333,46.3544921875,171.8701,112.87732222222222,90.58482222222223,125.11074814814815,47.3487554587199
ISIC_9047747,dermoscopic,Malignant,SCCKA,600,450,0.27,1.3333333333333333,27.560546875,158.1360740740741,120.46452592592593,143.53328888888888,140.7112962962963,45.06220477910711
ISIC_2752952,clinical: close-up,Benign,NV,600,450,0.27,1.3333333333333333,49.1357421875,189.0444222222222,146.58842962962962,125.84327777777777,153.82537654320987,34.46362017099065
ISIC_7208631,dermoscopic,Malignant,BCC,600,450,0.27,1.3333333333333333,22.3857421875,195.67517407407408,148.44357407407406,134.88619259259258,159.66831358024692,29.725027180964442
ISIC_2721569,clinical: close-up,Benign,NV,600,450,0.27,1.3333333333333333,23.39453125,155.3039074074074,134.26472222222222,117.58106666666667,135.71656543209878,25.312101934685145
ISIC_0527788,clinical: close-up,Benign,NV,600,450,0.27,1.3333333333333333,17.296875,172.31377037037038,143.1295111111111,132.5210111111111,149.32143086419754,37.01195141615259
ISIC_7020196,dermoscopic,Benign,BKL,600,450,0.27,1.3333333333333333,32.2373046875,204.53225925925926,134.24944074074074,137.84033333333332,158.87401111111112,38.958074611268465
ISIC_9963933,clinical: close-up,Malignant,BCC,600,450,0.27,1.3333333333333333,26.1083984375,199.9712925925926,140.65834814814815,131.2738037037037,157.30114814814814,54.26581927780721
ISIC_3235167,dermoscopic,Malignant,BCC,600,450,0.27,1.3333333333333333,27.2958984375,147.1324111111111,133.26918148148147,128.92858148148147,136.44339135802468,20.96528283497608
ISIC_7322599,dermoscopic,Benign,NV,600,450,0.27,1.3333333333333333,39.564453125,160.29715925925925,160.40848518518519,156.84578888888888,159.1838111111111,36.2952096270361
ISIC_8239142,clinical: close-up,Malignant,BCC,600,450,0.27,1.3333333333333333,33.837890625,177.63514814814815,126.01515555555555,107.3466074074074,136.99897037037036,33.878701440367244
ISIC_6725841,dermoscopic,Malignant,SCCKA,600,450,0.27,1.3333333333333333,29.5869140625,144.5247037037037,116.53644074074074,109.69463333333333,123.58525925925926,24.241719981239658
ISIC_2913187,dermoscopic,Indeterminate,AKIEC,600,450,0.27,1.3333333333333333,25.615234375,157.15625925925926,111.90366666666667,98.31636666666667,122.45876419753087,29.570364349408056
ISIC_2712947,clinical: close-up,Malignant,SCCKA,600,450,0.27,1.3333333333333333,44.029296875,179.00555555555556,123.22675555555556,92.37877407407407,131.53702839506172,41.21999780472357
ISIC_3209100,clinical: close-up,Malignant,BCC,600,450,0.27,1.3333333333333333,42.09765625,177.15162962962964,121.00275925925926,92.08637407407407,130.08025432098765,39.512336266900924
ISIC_2214696,clinical: close-up,Malignant,BCC,600,450,0.27,1.3333333333333333,30.451171875,209.35881851851852,161.8820888888889,131.50755555555557,167.58282098765432,34.85804932024165
ISIC_1815891,dermoscopic,Benign,NV,600,450,0.27,1.3333333333333333,28.447265625,201.6485148148148,179.7759,168.8113,183.41190493827162,56.58419791845524
ISIC_6138103,dermoscopic,Malignant,BCC,600,450,0.27,1.3333333333333333,24.947265625,194.70223703703704,154.7613111111111,127.57824074074074,159.01392962962964,29.569574032010575
ISIC_7372500,dermoscopic,Benign,BKL,600,450,0.27,1.3333333333333333,33.1826171875,183.33316666666667,136.59467407407408,99.54848518518519,139.82544197530865,45.33755989136847
ISIC_3813726,dermoscopic,Malignant,BCC,600,450,0.27,1.3333333333333333,26.6083984375,180.6613925925926,141.92054444444443,123.96321481481482,148.8483839506173,46.61148877061401
ISIC_1090781,dermoscopic,Malignant,BCC,600,450,0.27,1.3333333333333333,30.7001953125,141.70902222222222,118.53010740740741,127.82614814814815,129.3550925925926,30.86672701164119
ISIC_5306085,dermoscopic,Malignant,BCC,600,450,0.27,1.3333333333333333,21.74609375,189.00463703703704,137.6813185185185,125.24981851851852,150.64525802469134,46.803810980821694
ISIC_7275427,clinical: close-up,Malignant,SCCKA,600,450,0.27,1.3333333333333333,32.517578125,172.9331925925926,139.65522962962962,120.93665925925926,144.50836049382715,25.66882779219962
ISIC_1044266,dermoscopic,Malignant,BCC,600,450,0.27,1.3333333333333333,16.056640625,185.33229259259258,156.70028148148148,143.16868148148149,161.73375185185185,20.557726241486534
ISIC_0081055,dermoscopic,Malignant,BCC,600,450,0.27,1.3333333333333333,30.69921875,188.66247037037036,152.17171851851853,176.9219037037037,172.58536419753085,23.635390170448538
ISIC_5870525,dermoscopic,Malignant,AKIEC,600,450,0.27,1.3333333333333333,26.5546875,161.85625185185185,119.98423703703703,110.05094444444444,130.63047777777777,34.25909121831841
ISIC_4370676,dermoscopic,Malignant,BCC,600,450,0.27,1.3333333333333333,28.041015625,204.31552222222223,148.44178148148148,121.27515185185185,158.0108185185185,37.138868531488185
ISIC_4976629,dermoscopic,Malignant,BCC,600,450,0.27,1.3333333333333333,22.1298828125,187.79442592592594,140.2869037037037,109.39330370370371,145.82487777777777,34.95599759711848
ISIC_9900027,dermoscopic,Malignant,BCC,600,450,0.27,1.3333333333333333,28.646484375,213.1610851851852,158.99223333333333,126.72032962962963,166.2912160493827,38.951668398033476
ISIC_3818927,dermoscopic,Malignant,BCC,600,450,0.27,1.3333333333333333,25.5703125,192.0777037037037,161.3612962962963,146.03164814814815,166.49021604938272,24.966245174264206
ISIC_1141942,clinical: close-up,Malignant,BCC,600,450,0.27,1.3333333333333333,29.60546875,202.6789814814815,156.42581851851853,138.09848888888888,165.73442962962963,62.30392612548575
ISIC_3113033,dermoscopic,Malignant,SCCKA,600,450,0.27,1.3333333333333333,28.1650390625,151.54864814814815,107.76967037037036,128.4678111111111,129.26204320987654,28.557549541676252
ISIC_9587078,dermoscopic,Malignant,BCC,600,450,0.27,1.3333333333333333,22.671875,141.39612962962963,111.25907037037037,103.1182962962963,118.59116543209876,25.96564658244114
ISIC_8736820,dermoscopic,Benign,NV,600,450,0.27,1.3333333333333333,30.9990234375,171.9495814814815,131.31604814814816,127.1635888888889,143.47640617283952,55.58187026891573
ISIC_7209186,clinical: close-up,Malignant,BCC,600,450,0.27,1.3333333333333333,35.4736328125,171.2097037037037,121.00808148148148,88.6009962962963,126.9395938271605,39.86336768504448
ISIC_1105494,dermoscopic,Malignant,BCC,600,450,0.27,1.3333333333333333,25.1708984375,167.2927037037037,132.68214074074075,131.6538148148148,143.87621975308642,21.943703659645195
ISIC_3612044,dermoscopic,Benign,NV,600,450,0.27,1.3333333333333333,22.7080078125,162.42705185185184,138.98287037037036,148.88178148148148,150.09723456790124,26.75872742839153
ISIC_0703597,clinical: close-up,Benign,DF,600,450,0.27,1.3333333333333333,54.939453125,143.9214888888889,108.67692592592593,84.82885555555555,112.47575679012346,29.31884974787346
ISIC_5079694,dermoscopic,Malignant,BCC,600,450,0.27,1.3333333333333333,31.62109375,139.74728148148148,109.60763333333334,107.38544814814814,118.91345432098765,25.809752654135732
ISIC_8285958,dermoscopic,Malignant,BCC,600,450,0.27,1.3333333333333333,23.7578125,193.55644814814815,148.61448518518517,131.46085185185186,157.87726172839507,30.53024356852923
ISIC_7671344,clinical: close-up,Benign,NV,600,450,0.27,1.3333333333333333,44.150390625,188.50475555555556,125.4118925925926,102.19697037037037,138.70453950617284,39.21539100895816
ISIC_4597469,dermoscopic,Malignant,BCC,600,450,0.27,1.3333333333333333,22.0576171875,154.6151148148148,132.27524814814814,144.18628148148147,143.6922148148148,13.739645048455884
ISIC_7876616,dermoscopic,Benign,NV,600,450,0.27,1.3333333333333333,25.8671875,219.37386666666666,199.59542592592592,216.12956296296295,211.69961851851852,24.273480104790945
ISIC_0869141,dermoscopic,Malignant,BCC,600,450,0.27,1.3333333333333333,27.421875,159.39757407407407,124.94651851851852,121.33871111111111,135.2276012345679,26.19917063806539
ISIC_3483575,clinical: close-up,Malignant,BCC,600,450,0.27,1.3333333333333333,35.236328125,164.5689148148148,118.68811111111111,91.89015555555555,125.04906049382716,32.08466283700425
ISIC_0661563,clinical: close-up,Benign,BKL,600,450,0.27,1.3333333333333333,55.3486328125,164.41544814814816,140.1389851851852,114.66854814814815,139.74099382716048,38.655422994885754
ISIC_0871073,dermoscopic,Malignant,BCC,600,450,0.27,1.3333333333333333,22.2470703125,131.67007407407408,127.35451481481482,129.91215185185186,129.64558024691357,16.75849580661554
ISIC_8618352,dermoscopic,Malignant,BCC,600,450,0.27,1.3333333333333333,23.1728515625,183.16373333333334,130.0151185185185,161.38375925925925,158.18753703703703,25.37965470745447
ISIC_4254772,dermoscopic,Malignant,MEL,600,450,0.27,1.3333333333333333,27.8056640625,177.75251481481482,136.86115555555557,142.6878074074074,152.43382592592593,30.77004770562982
ISIC_1163119,dermoscopic,Malignant,AKIEC,600,450,0.27,1.3333333333333333,37.4375,166.4419037037037,118.62957037037037,131.89402592592592,138.9885,54.75855495344547
ISIC_7298601,dermoscopic,Malignant,BCC,600,450,0.27,1.3333333333333333,17.7490234375,103.13602962962963,92.81697037037037,89.15184444444445,95.03494814814815,22.554103694045477
ISIC_1618649,clinical: close-up,Malignant,BCC,600,450,0.27,1.3333333333333333,45.712890625,194.40525185185186,130.9944925925926,84.70498888888889,136.70157777777777,49.602383838368986
ISIC_1492834,clinical: close-up,Benign,NV,600,450,0.27,1.3333333333333333,46.96484375,174.2327740740741,128.0164962962963,114.69771851851851,138.98232962962962,32.49373508627127
ISIC_1376581,dermoscopic,Benign,NV,600,450,0.27,1.3333333333333333,25.779296875,168.0419925925926,156.47830370370372,166.27744444444446,163.59924691358026,25.954972204741622
ISIC_2770547,clinical: close-up,Malignant,BCC,600,450,0.27,1.3333333333333333,45.8251953125,180.64407037037037,129.26664814814814,93.53798148148148,134.4829,39.09629187601041
ISIC_8749451,clinical: close-up,Malignant,BCC,600,450,0.27,1.3333333333333333,55.923828125,190.8979925925926,141.60815925925925,102.73407407407407,145.08007530864197,44.82125602488901
ISIC_2839614,dermoscopic,Malignant,BCC,600,450,0.27,1.3333333333333333,21.3408203125,159.6274185185185,102.91585185185185,96.4500962962963,119.66445555555555,32.58924447735502
ISIC_9791119,dermoscopic,Benign,BKL,600,450,0.27,1.3333333333333333,25.4462890625,163.92972962962963,136.49045555555554,136.1158111111111,145.5119987654321,21.710647936148884
ISIC_2298923,dermoscopic,Benign,NV,600,450,0.27,1.3333333333333333,21.8701171875,146.3875,123.13755185185185,116.71154074074074,128.74553086419752,33.60890730739688
ISIC_2588935,clinical: close-up,Indeterminate,AKIEC,600,450,0.27,1.3333333333333333,20.0712890625,149.85737777777777,114.37126666666667,91.42993333333334,118.55285925925926,61.3252447441977
ISIC_6562927,clinical: close-up,Malignant,BCC,600,450,0.27,1.3333333333333333,49.66796875,161.38538888888888,133.42711481481481,118.10870370370371,137.6404024691358,24.72904586450684
ISIC_6731947,clinical: close-up,Benign,BKL,600,450,0.27,1.3333333333333333,36.32421875,170.5442074074074,129.34251481481482,107.29416296296296,135.72696172839505,28.299794955912375
ISIC_0290702,clinical: close-up,Benign,BKL,600,450,0.27,1.3333333333333333,44.11328125,171.3687074074074,108.9017925925926,79.62284814814815,119.96444938271605,41.71903181002594
ISIC_5833236,dermoscopic,Malignant,SCCKA,600,450,0.27,1.3333333333333333,29.9619140625,172.97102222222222,139.30252962962962,137.87754814814815,150.05036666666666,35.03862743575446
ISIC_7282695,dermoscopic,Malignant,BCC,600,450,0.27,1.3333333333333333,20.0185546875,169.77586296296298,129.06897407407408,146.67495555555556,148.50659753086418,27.48736905757178
ISIC_2252587,dermoscopic,Benign,INF,600,450,0.27,1.3333333333333333,18.8662109375,192.2557148148148,151.88225925925926,160.3224074074074,168.15346049382717,23.55542383087477
ISIC_2645906,clinical: close-up,Malignant,BCC,600,450,0.27,1.3333333333333333,29.86328125,139.56853333333333,94.68074074074075,75.29629629629629,103.18185679012346,65.3415926352265
ISIC_5993711,clinical: close-up,Malignant,BCC,600,450,0.27,1.3333333333333333,30.794921875,155.40254074074073,129.1663111111111,98.4260962962963,127.66498271604938,30.404089279255444
ISIC_1564298,dermoscopic,Malignant,BCC,600,450,0.27,1.3333333333333333,30.869140625,136.86442962962963,119.45057777777778,120.77494444444444,125.69665061728395,30.204494598764942
ISIC_7238849,dermoscopic,Benign,BKL,600,450,0.27,1.3333333333333333,16.7880859375,187.23399629629628,154.68895925925926,131.80357037037038,157.90884197530863,24.295867328146162
ISIC_9334393,dermoscopic,Benign,NV,600,450,0.27,1.3333333333333333,44.267578125,171.71127037037036,138.91209629629628,136.4038888888889,149.00908518518517,53.81434060263535
ISIC_6581346,clinical: close-up,Malignant,BCC,600,450,0.27,1.3333333333333333,34.076171875,193.09218148148148,136.5253148148148,108.14577777777778,145.92109135802468,39.33686742558843
ISIC_6901642,dermoscopic,Malignant,BCC,600,450,0.27,1.3333333333333333,22.69921875,163.1550814814815,97.9339962962963,91.05604074074074,117.3817061728395,41.42456746046366
ISIC_6289650,dermoscopic,Malignant,SCCKA,600,450,0.27,1.3333333333333333,33.298828125,206.9099185185185,146.55604814814814,131.43640740740742,161.634124691358,59.11611009103663
ISIC_3614372,clinical: close-up,Benign,BKL,600,450,0.27,1.3333333333333333,33.515625,165.4998,122.81117407407407,90.72947777777777,126.34681728395061,35.23780985954546
ISIC_2156824,clinical: close-up,Malignant,SCCKA,600,450,0.27,1.3333333333333333,40.5849609375,173.5662111111111,112.11321851851852,93.25151851851852,126.31031604938272,38.367773131374285
ISIC_5620717,clinical: close-up,Malignant,BCC,600,450,0.27,1.3333333333333333,38.8701171875,173.68386296296296,119.19867777777777,108.5023925925926,133.79497777777777,33.449446292075145
ISIC_5513734,clinical: close-up,Malignant,BCC,600,450,0.27,1.3333333333333333,38.7744140625,156.93401481481482,104.85802222222222,74.66522962962964,112.15242222222223,36.327967453712915
ISIC_3594514,dermoscopic,Malignant,MEL,600,450,0.27,1.3333333333333333,31.6396484375,150.78123333333335,136.78237777777778,138.98413703703704,142.18258271604938,43.58334231962173
ISIC_1200835,clinical: close-up,Malignant,BCC,600,450,0.27,1.3333333333333333,30.0625,173.33023703703705,133.86036296296297,97.32997037037038,134.84019012345678,36.652284169986366
ISIC_3520227,dermoscopic,Malignant,MEL,600,450,0.27,1.3333333333333333,33.076171875,185.75071111111112,152.6139851851852,174.80298148148148,171.05589259259258,35.873745765912886
ISIC_0546382,dermoscopic,Malignant,BCC,600,450,0.27,1.3333333333333333,29.833984375,156.858,124.4082,103.21235185185185,128.1595172839506,44.54855223335516
ISIC_4246393,dermoscopic,Benign,NV,600,450,0.27,1.3333333333333333,27.990234375,167.22412222222223,139.01202962962964,136.79113333333333,147.67576172839506,36.16630638717997
ISIC_2383380,dermoscopic,Malignant,BCC,600,450,0.27,1.3333333333333333,20.8984375,143.26772962962963,124.06720740740741,124.61791851851852,130.65095185185186,19.59134285272427
ISIC_3277520,clinical: close-up,Malignant,SCCKA,600,450,0.27,1.3333333333333333,34.68359375,141.5740111111111,113.65578518518518,103.49783333333333,119.57587654320987,35.44686732623939
ISIC_6365045,clinical: close-up,Malignant,BCC,600,450,0.27,1.3333333333333333,38.05078125,175.6091925925926,143.77757777777776,113.22305185185185,144.20327407407407,27.853251478461438
ISIC_5315022,clinical: close-up,Malignant,BCC,600,450,0.27,1.3333333333333333,46.9111328125,172.0489,116.7540962962963,86.98280370370371,125.26193333333333,38.6368565908924
ISIC_4301316,clinical: close-up,Malignant,BCC,600,450,0.27,1.3333333333333333,27.599609375,142.19791481481482,112.1060074074074,89.01499259259259,114.43963827160493,29.085073528199263
ISIC_7150655,dermoscopic,Malignant,MEL,600,450,0.27,1.3333333333333333,35.02734375,136.34827037037036,114.88864814814815,105.21414444444444,118.81702098765432,36.12949168336478
ISIC_7507238,dermoscopic,Malignant,BCC,600,450,0.27,1.3333333333333333,13.7685546875,178.3758777777778,152.47844814814815,140.30423333333334,157.05285308641976,18.5522227980581
ISIC_4898312,clinical: close-up,Malignant,BCC,600,450,0.27,1.3333333333333333,49.6162109375,213.16052962962962,159.44124444444444,122.87875185185185,165.16017530864198,46.367385815110296
ISIC_5594942,clinical: close-up,Malignant,SCCKA,600,450,0.27,1.3333333333333333,50.943359375,191.1720037037037,125.91553703703704,99.56232222222222,138.88328765432098,42.85947726942797
ISIC_5298792,clinical: close-up,Malignant,SCCKA,600,450,0.27,1.3333333333333333,32.294921875,158.57904074074074,113.22364814814814,84.96502592592593,118.92257160493827,37.76251088447944
ISIC_7500706,clinical: close-up,Malignant,BCC,600,450,0.27,1.3333333333333333,38.5869140625,172.79186666666666,130.5017037037037,102.28736666666667,135.19364567901235,32.31845325977229
ISIC_0233929,clinical: close-up,Malignant,BCC,600,450,0.27,1.3333333333333333,45.15625,178.9659037037037,121.56331851851851,89.04142592592592,129.85688271604937,40.152504712993746
ISIC_9995871,dermoscopic,Malignant,BCC,600,450,0.27,1.3333333333333333,22.88671875,196.7817074074074,145.0559,134.07686666666666,158.63815802469136,29.835048802567282
ISIC_8293683,dermoscopic,Malignant,MEL,600,450,0.27,1.3333333333333333,32.8525390625,188.8930074074074,137.47295185185186,141.63767037037036,156.00120987654321,31.28625602113729
ISIC_3791100,clinical: close-up,Benign,BKL,600,450,0.27,1.3333333333333333,47.0693359375,182.4317888888889,100.27122962962963,91.46897037037037,124.72399629629629,44.78708749077305
ISIC_6115749,dermoscopic,Malignant,BCC,600,450,0.27,1.3333333333333333,23.5283203125,195.66725555555556,152.9223925925926,170.57158518518517,173.05374444444445,29.24780366014
ISIC_7806895,dermoscopic,Malignant,BCC,600,450,0.27,1.3333333333333333,24.45703125,168.40224814814815,148.61487777777776,157.31122592592592,158.10945061728395,19.276653366360577
ISIC_1050489,clinical: close-up,Malignant,BCC,600,450,0.27,1.3333333333333333,28.5146484375,194.0351814814815,145.97146296296296,118.56077037037036,152.8558049382716,35.60704199849994
ISIC_2513521,dermoscopic,Malignant,SCCKA,600,450,0.27,1.3333333333333333,24.9482421875,144.2327740740741,102.93328518518518,129.06664444444445,125.4109012345679,29.369661169520967
ISIC_3861361,dermoscopic,Benign,NV,600,450,0.27,1.3333333333333333,25.9990234375,173.51514814814814,139.9867111111111,130.71418888888888,148.0720160493827,42.051061408013034
ISIC_2826779,dermoscopic,Malignant,BCC,600,450,0.27,1.3333333333333333,26.58984375,149.92961111111111,128.3698925925926,127.94875555555555,135.4160864197531,22.423551177276515
ISIC_8114381,clinical: close-up,Malignant,SCCKA,600,450,0.27,1.3333333333333333,45.3251953125,131.88575185185186,75.15374814814815,47.255403703703706,84.76496790123457,39.70381571253287
ISIC_3033732,dermoscopic,Benign,NV,600,450,0.27,1.3333333333333333,19.162109375,174.55834444444446,160.79401851851853,158.08965925925926,164.48067407407407,20.80574129784929
ISIC_9079428,clinical: close-up,Malignant,BCC,600,450,0.27,1.3333333333333333,37.82421875,226.44166666666666,183.83456296296296,163.98696296296296,191.42106419753085,32.052507249682364
ISIC_8674267,clinical: close-up,Malignant,BCC,600,450,0.27,1.3333333333333333,43.3173828125,168.1634,131.9228,121.76217777777778,140.61612592592593,26.877075066904954
ISIC_7411878,clinical: close-up,Malignant,AKIEC,600,450,0.27,1.3333333333333333,42.955078125,177.48151851851853,111.54157037037037,90.2709962962963,126.43136172839506,40.05215981781284
ISIC_8188045,clinical: close-up,Malignant,AKIEC,600,450,0.27,1.3333333333333333,32.4619140625,208.0651,173.37932962962964,156.1391111111111,179.1945135802469,26.03753997450392
ISIC_2205902,dermoscopic,Benign,NV,600,450,0.27,1.3333333333333333,15.5966796875,161.59256666666667,129.15512222222222,147.92932592592592,146.22567160493827,21.837162191402943
ISIC_8324594,dermoscopic,Benign,BKL,600,450,0.27,1.3333333333333333,22.935546875,160.68161481481482,142.08837777777777,141.5175074074074,148.09583333333333,22.373957964217414
ISIC_3909654,dermoscopic,Malignant,AKIEC,600,450,0.27,1.3333333333333333,23.4638671875,163.8582925925926,147.44356666666667,142.7657925925926,151.35588395061728,18.956737385233396
ISIC_3479083,dermoscopic,Malignant,BCC,600,450,0.27,1.3333333333333333,22.0830078125,156.88914074074074,145.4041,140.70317037037037,147.66547037037037,18.36984041412663
ISIC_5638742,dermoscopic,Malignant,BCC,600,450,0.27,1.3333333333333333,19.9345703125,192.98039259259258,162.58517407407408,169.66814074074074,175.0779024691358,21.45233445169837
ISIC_1533241,clinical: close-up,Malignant,SCCKA,600,450,0.27,1.3333333333333333,38.0869140625,172.2939037037037,116.1635,94.09334444444444,127.51691604938271,38.53678848754386
ISIC_5989590,dermoscopic,Malignant,BCC,600,450,0.27,1.3333333333333333,20.533203125,188.59529259259259,151.39195185185184,133.75402962962963,157.91375802469136,24.64983363278876
ISIC_1154162,dermoscopic,Benign,BKL,600,450,0.27,1.3333333333333333,27.0791015625,213.8467925925926,144.12405555555554,122.43407777777777,160.13497530864197,40.83896492003845
ISIC_4806633,clinical: close-up,Malignant,BCC,600,450,0.27,1.3333333333333333,38.751953125,176.0210074074074,128.71138148148148,95.75774814814815,133.49671234567901,37.58157723161736
ISIC_1431910,clinical: close-up,Malignant,BCC,600,450,0.27,1.3333333333333333,32.314453125,201.75265555555555,145.95661481481483,110.04224814814815,152.58383950617284,40.49508353726772
ISIC_3528840,clinical: close-up,Malignant,BCC,600,450,0.27,1.3333333333333333,35.669921875,146.54338148148148,120.20963703703704,121.79823333333333,129.5170839506173,16.94299059672918
ISIC_3690079,clinical: close-up,Benign,BKL,600,450,0.27,1.3333333333333333,37.341796875,173.1030962962963,139.99346296296295,101.67628888888889,138.2576160493827,51.02647001912905
ISIC_6579356,clinical: close-up,Malignant,BCC,600,450,0.27,1.3333333333333333,25.2802734375,163.0920074074074,135.40666666666667,112.69885555555555,137.06584320987653,24.467970986125636
ISIC_0991005,clinical: close-up,Malignant,BCC,600,450,0.27,1.3333333333333333,31.0947265625,170.76772222222223,134.4085851851852,93.26513333333334,132.81381358024692,35.469033825902635
ISIC_3178739,dermoscopic,Malignant,SCCKA,600,450,0.27,1.3333333333333333,21.3505859375,190.63982962962962,143.26656666666668,127.32737777777778,153.74459135802468,30.279909034159306
ISIC_9543736,clinical: close-up,Malignant,BCC,600,450,0.27,1.3333333333333333,30.5419921875,167.42638518518518,134.72484074074075,100.20418148148148,134.11846913580246,41.44420067997613
ISIC_6036586,dermoscopic,Malignant,BCC,600,450,0.27,1.3333333333333333,35.0537109375,182.57181481481481,171.35546666666667,169.72699259259258,174.55142469135802,41.2404082668884
ISIC_3361208,dermoscopic,Malignant,BCC,600,450,0.27,1.3333333333333333,36.0908203125,181.96614814814814,149.84443333333334,142.61197777777778,158.14085308641975,30.93387026454738
ISIC_2288726,dermoscopic,Malignant,BCC,600,450,0.27,1.3333333333333333,31.6328125,149.92445555555557,113.66361481481482,107.43756666666667,123.67521234567901,33.95264420898717
ISIC_0612028,clinical: close-up,Malignant,BCC,600,450,0.27,1.3333333333333333,33.7060546875,201.33431851851853,147.32672222222223,132.07076296296296,160.24393456790122,61.390390677462875
ISIC_4954192,dermoscopic,Malignant,BCC,600,450,0.27,1.3333333333333333,25.77734375,157.8706777777778,149.8502814814815,149.37236296296297,152.36444074074075,29.854695004482725
ISIC_6831651,dermoscopic,Malignant,BCC,600,450,0.27,1.3333333333333333,28.4228515625,142.4485,121.21025185185185,117.14951851851852,126.9360901234568,23.19451139251605
ISIC_6161975,dermoscopic,Malignant,SCCKA,600,450,0.27,1.3333333333333333,48.3828125,177.99514814814816,139.63873333333333,128.56054814814814,148.73147654320988,60.56610121297893
ISIC_0410404,clinical: close-up,Malignant,BCC,600,450,0.27,1.3333333333333333,32.224609375,161.7407074074074,100.94286666666666,66.45438148148148,109.71265185185185,41.905916862404915
ISIC_1952689,clinical: close-up,Malignant,BCC,600,450,0.27,1.3333333333333333,29.0859375,196.10084814814815,138.92092962962963,122.40804814814815,152.4766086419753,61.51529847665156
ISIC_3779625,dermoscopic,Malignant,MEL,600,450,0.27,1.3333333333333333,31.751953125,168.59735555555557,127.56408888888889,133.31934074074073,143.16026172839506,41.3955001744988
ISIC_9509446,dermoscopic,Malignant,BCC,600,450,0.27,1.3333333333333333,40.076171875,200.30565925925927,184.69163703703703,188.21504814814816,191.07078148148148,29.05961035835495
ISIC_8349907,clinical: close-up,Benign,NV,600,450,0.27,1.3333333333333333,35.251953125,191.7644925925926,158.16675925925927,141.1498962962963,163.69371604938272,28.18237147130334
ISIC_4583761,dermoscopic,Malignant,BCC,600,450,0.27,1.3333333333333333,24.84765625,222.28617037037037,182.21136666666666,162.95427777777778,189.1506049382716,51.043620847895184
ISIC_9661702,dermoscopic,Malignant,AKIEC,600,450,0.27,1.3333333333333333,22.0244140625,165.80534074074075,146.37277777777777,151.7069148148148,154.62834444444445,16.883835042083053
ISIC_1262809,clinical: close-up,Malignant,BCC,600,450,0.27,1.3333333333333333,39.6376953125,164.41245555555557,105.06142962962963,98.94665555555555,122.80684691358024,36.272308596194314
ISIC_3430932,dermoscopic,Benign,BKL,600,450,0.27,1.3333333333333333,35.7841796875,177.67736296296297,137.92335185185186,117.66347037037038,144.4213950617284,42.61981025534899
ISIC_9666922,clinical: close-up,Benign,BKL,600,450,0.27,1.3333333333333333,29.2734375,169.99528148148147,116.87372592592592,95.23218148148148,127.36706296296296,33.095289573317146
ISIC_2689339,dermoscopic,Malignant,BCC,600,450,0.27,1.3333333333333333,28.7294921875,182.1736148148148,134.29292222222222,142.57284444444446,153.01312716049384,37.4696067354893
ISIC_5953259,dermoscopic,Malignant,BCC,600,450,0.27,1.3333333333333333,22.572265625,169.4919037037037,144.1241037037037,158.32775185185184,157.31458641975308,24.167258425997588
ISIC_2808502,clinical: close-up,Malignant,SCCKA,600,450,0.27,1.3333333333333333,33.9677734375,163.96079259259258,98.84980740740741,65.5398037037037,109.45013456790123,45.60071027556712
ISIC_2031186,clinical: close-up,Benign,BEN_OTH,600,450,0.27,1.3333333333333333,28.892578125,144.98805925925927,97.13082962962963,89.62182592592593,110.58023827160494,40.1521348397584
ISIC_6352343,dermoscopic,Benign,NV,600,450,0.27,1.3333333333333333,29.94140625,159.90787037037038,137.8043962962963,141.0306111111111,146.24762592592592,39.638492747917844
ISIC_6751695,clinical: close-up,Malignant,BCC,600,450,0.27,1.3333333333333333,32.5107421875,181.78887777777777,131.06242962962963,99.57454814814815,137.4752851851852,36.32044115877521
ISIC_6485921,clinical: close-up,Benign,INF,600,450,0.27,1.3333333333333333,43.421875,180.01593333333332,165.59642592592593,151.64196296296296,165.75144074074075,18.343107220211287
ISIC_6703068,clinical: close-up,Malignant,BCC,600,450,0.27,1.3333333333333333,39.365234375,209.50303703703705,154.5525888888889,113.89585555555556,159.31716049382717,44.532495299682196
ISIC_3536529,clinical: close-up,Malignant,SCCKA,600,450,0.27,1.3333333333333333,27.259765625,182.65257407407407,125.12370740740741,96.90835925925926,134.89488024691357,47.135879395432106
ISIC_6337323,dermoscopic,Malignant,BCC,600,450,0.27,1.3333333333333333,13.0830078125,184.8984851851852,167.00998518518517,154.86028148148148,168.92291728395062,13.629800782329783
ISIC_7619832,clinical: close-up,Malignant,BCC,600,450,0.27,1.3333333333333333,39.3154296875,183.83805555555554,130.5255185185185,99.62664814814815,137.99674074074073,36.743053318348586
ISIC_9129838,clinical: close-up,Benign,BKL,600,450,0.27,1.3333333333333333,54.4814453125,159.83447407407408,91.4188925925926,72.82032222222222,108.02456296296296,44.2138146292339
ISIC_2340494,dermoscopic,Benign,BKL,600,450,0.27,1.3333333333333333,22.123046875,210.66965925925925,113.93147407407407,64.81091111111111,129.80401481481482,64.38060517842715
ISIC_3900958,clinical: close-up,Malignant,MEL,600,450,0.27,1.3333333333333333,52.80078125,175.88455555555555,127.7626037037037,105.76127037037037,136.46947654320988,39.523837710057094
ISIC_0822220,dermoscopic,Malignant,BCC,600,450,0.27,1.3333333333333333,26.619140625,140.81362592592592,102.83414074074074,123.62801481481482,122.42526049382717,24.73204781886973
ISIC_7896976,dermoscopic,Malignant,SCCKA,600,450,0.27,1.3333333333333333,28.0546875,144.33004814814814,114.6117925925926,108.59571111111111,122.51251728395061,29.071199338381682
ISIC_2999384,clinical: close-up,Malignant,BCC,600,450,0.27,1.3333333333333333,34.5361328125,174.22948518518518,132.55821851851852,90.32143703703704,132.36971358024692,37.10475512126878
